"","biogeographical_zone","WP","MP","PP","NP","Total","EPLI"
"1","Total",2,8,9,3,22,0.46969696969697
"2","dTropical",0,1,0,0,1,0.666666666666667
"3","cSubTrop",0,2,3,1,6,0.388888888888889
"4","bWTemp",1,3,2,1,7,0.523809523809524
"5","aCTemp",1,2,4,1,8,0.458333333333333
